temperature_K,G1_h,G1_k,G1_l,G1_Qx_invA,G1_Qy_invA,G1_Qz_invA,"zero_phonon_intensity_G(1,0,0)","dw_factor_G(1,0,0)_atom1_Mo","dw_factor_G(1,0,0)_atom2_S","dw_factor_G(1,0,0)_atom3_S",G2_h,G2_k,G2_l,G2_Qx_invA,G2_Qy_invA,G2_Qz_invA,"zero_phonon_intensity_G(1,1,0)","dw_factor_G(1,1,0)_atom1_Mo","dw_factor_G(1,1,0)_atom2_S","dw_factor_G(1,1,0)_atom3_S"
0.0,1.0,0.0,0.0,1.9733210273208233,1.1392974262723508,0.0,35.8062842422945,0.9936454143204636,0.9855124297352786,0.9855124297352786,1.0,1.0,0.0,1.9733210273208233,3.417892278888615,0.0,45.015963873669165,0.9810571286363551,0.9571639174914762,0.9571639174914762
50.0,1.0,0.0,0.0,1.9733210273208233,1.1392974262723508,0.0,35.57018543034645,0.9914072054157649,0.981575143212372,0.9815751432123722,1.0,1.0,0.0,1.9733210273208233,3.417892278888615,0.0,44.180752912945316,0.9744424901463864,0.9457376008974268,0.9457376008974269
100.0,1.0,0.0,0.0,1.9733210273208233,1.1392974262723508,0.0,35.138699041403214,0.9871862841859911,0.9744095776187617,0.9744095776187618,1.0,1.0,0.0,1.9733210273208233,3.417892278888615,0.0,42.675452947045905,0.9620493225986255,0.9251765836201706,0.9251765836201707
150.0,1.0,0.0,0.0,1.9733210273208233,1.1392974262723508,0.0,34.64050192334218,0.9823512995242529,0.96601939305544,0.96601939305544,1.0,1.0,0.0,1.9733210273208233,3.417892278888615,0.0,40.98264511282622,0.9479828313042609,0.901482987333192,0.9014829873331921
200.0,1.0,0.0,0.0,1.9733210273208233,1.1392974262723508,0.0,34.117855059153065,0.9772959702547822,0.9570968751979474,0.9570968751979475,1.0,1.0,0.0,1.9733210273208233,3.417892278888615,0.0,39.256736377585035,0.9334226263557253,0.8767336891107839,0.8767336891107841
250.0,1.0,0.0,0.0,1.9733210273208233,1.1392974262723508,0.0,33.588291881796145,0.9721525743438099,0.9479522388462119,0.9479522388462119,1.0,1.0,0.0,1.9733210273208233,3.417892278888615,0.0,37.557694142406085,0.918762565287492,0.851842629075541,0.8518426290755412
300.0,1.0,0.0,0.0,1.9733210273208233,1.1392974262723508,0.0,33.05950331525096,0.9669749966052995,0.9387265097574392,0.9387265097574393,1.0,1.0,0.0,1.9733210273208233,3.417892278888615,0.0,35.9095381098433,0.9041609236226992,0.827212803421242,0.8272128034212423
350.0,1.0,0.0,0.0,1.9733210273208233,1.1392974262723508,0.0,32.53517068169311,0.9617886847713717,0.9294893743486701,0.9294893743486702,1.0,1.0,0.0,1.9733210273208233,3.417892278888615,0.0,34.32198986434119,0.8896905756392313,0.803032806960416,0.8030328069604163
400.0,1.0,0.0,0.0,1.9733210273208233,1.1392974262723508,0.0,32.017187271237624,0.9566070344414627,0.9202782278912638,0.9202782278912639,1.0,1.0,0.0,1.9733210273208233,3.417892278888615,0.0,32.79854453752971,0.8753882449524191,0.7793946899483548,0.779394689948355
450.0,1.0,0.0,0.0,1.9733210273208233,1.1392974262723508,0.0,31.506571445965736,0.9514376895016521,0.9111145195103663,0.9111145195103664,1.0,1.0,0.0,1.9733210273208233,3.417892278888615,0.0,31.339753166477756,0.8612734381181831,0.7563431932963943,0.7563431932963948
500.0,1.0,0.0,0.0,1.9733210273208233,1.1392974262723508,0.0,31.0038783852979,0.94628528545123,0.9020111903203463,0.9020111903203464,1.0,1.0,0.0,1.9733210273208233,3.417892278888615,0.0,29.944690499847525,0.8473566865575105,0.7338981218207026,0.7338981218207027
550.0,1.0,0.0,0.0,1.9733210273208233,1.1392974262723508,0.0,30.509401875662697,0.9411527664306997,0.8929763385235557,0.892976338523556,1.0,1.0,0.0,1.9733210273208233,3.417892278888615,0.0,28.611667582992734,0.833643502213067,0.712065352052255,0.7120653520522554
600.0,1.0,0.0,0.0,1.9733210273208233,1.1392974262723508,0.0,30.023280421662186,0.9360420688018092,0.88401515379785,0.8840151537978501,1.0,1.0,0.0,1.9733210273208233,3.417892278888615,0.0,27.33860164200438,0.8201364299095173,0.690842630703183,0.6908426307031834
650.0,1.0,0.0,0.0,1.9733210273208233,1.1392974262723508,0.0,29.545556433873667,0.9309544991884159,0.8751309993634256,0.8751309993634258,1.0,1.0,0.0,1.9733210273208233,3.417892278888615,0.0,26.123218521953643,0.80683618180924,0.6702228092285082,0.6702228092285084
700.0,1.0,0.0,0.0,1.9733210273208233,1.1392974262723508,0.0,29.076210919250602,0.925890954810734,0.86632604781267,0.8663260478126702,1.0,1.0,0.0,1.9733210273208233,3.417892278888615,0.0,24.963168060080626,0.7937422981479457,0.6501957367778275,0.6501957367778279
750.0,1.0,0.0,0.0,1.9733210273208233,1.1392974262723508,0.0,28.615184682863017,0.9208520576893274,0.8576016707288622,0.8576016707288623,1.0,1.0,0.0,1.9733210273208233,3.417892278888615,0.0,23.856091765151223,0.7808535492850722,0.6307494133525353,0.6307494133525356
800.0,1.0,0.0,0.0,1.9733210273208233,1.1392974262723508,0.0,28.162391756201945,0.9158382395110557,0.8489586861909894,0.8489586861909895,1.0,1.0,0.0,1.9733210273208233,3.417892278888615,0.0,22.799663203123025,0.7681681895908827,0.611870716260881,0.6118707162608814
850.0,1.0,0.0,0.0,1.9733210273208233,1.1392974262723508,0.0,27.717728166002484,0.9108497970554418,0.8403975209849683,0.8403975209849684,1.0,1.0,0.0,1.9733210273208233,3.417892278888615,0.0,21.79161218246526,0.7556841229386244,0.5935458707203461,0.5935458707203467
900.0,1.0,0.0,0.0,1.9733210273208233,1.1392974262723508,0.0,27.28107781294651,0.9058869294237958,0.8319183198516069,0.8319183198516069,1.0,1.0,0.0,1.9733210273208233,3.417892278888615,0.0,20.82973902831628,0.7433990135671541,0.5757607617940229,0.5757607617940234
950.0,1.0,0.0,0.0,1.9733210273208233,1.1392974262723508,0.0,26.8523165031911,0.9009497636683756,0.8235210208492384,0.8235210208492386,1.0,1.0,0.0,1.9733210273208233,3.417892278888615,0.0,19.911922642250744,0.7313103621268897,0.5585011449950102,0.5585011449950108
1000.0,1.0,0.0,0.0,1.9733210273208233,1.1392974262723508,0.0,26.431314767686885,0.8960383728238396,0.8152054084563236,0.8152054084563238,1.0,1.0,0.0,1.9733210273208233,3.417892278888615,0.0,19.036124590033573,0.7194155589277759,0.5417527904854971,0.5417527904854981
1050.0,1.0,0.0,0.0,1.9733210273208233,1.1392974262723508,0.0,26.017939867104857,0.8911527888412416,0.8069711517028885,0.8069711517028888,1.0,1.0,0.0,1.9733210273208233,3.417892278888615,0.0,18.200390615310273,0.7077119218969499,0.5255015827613602,0.5255015827613608
1100.0,1.0,0.0,0.0,1.9733210273208233,1.1392974262723508,0.0,25.612057238071703,0.8862930120278342,0.7988178320187077,0.798817832018708,1.0,1.0,0.0,1.9733210273208233,3.417892278888615,0.0,17.402850471771668,0.6961967240600349,0.5097335898953773,0.5097335898953781
1150.0,1.0,0.0,0.0,1.9733210273208233,1.1392974262723508,0.0,25.21353154888056,0.8814590180450264,0.7907449638830536,0.7907449638830538,1.0,1.0,0.0,1.9733210273208233,3.417892278888615,0.0,16.641716655519165,0.6848672137055845,0.4944351115945172,0.4944351115945177
1200.0,1.0,0.0,0.0,1.9733210273208233,1.1392974262723508,0.0,24.822227477587415,0.8766507631699404,0.7827520103482536,0.7827520103482537,1.0,1.0,0.0,1.9733210273208233,3.417892278888615,0.0,15.915282423537402,0.6737206293505206,0.47959271228417377,0.4795927122841745
1250.0,1.0,0.0,0.0,1.9733210273208233,1.1392974262723508,0.0,24.438010289739797,0.8718681883025314,0.7748383948554548,0.774838394855455,1.0,1.0,0.0,1.9733210273208233,3.417892278888615,0.0,15.221919358105911,0.6627542109533735,0.4651932434677782,0.46519324346777874
1300.0,1.0,0.0,0.0,1.9733210273208233,1.1392974262723508,0.0,24.06074626949292,0.867111222053318,0.7670035103300996,0.7670035103300998,1.0,1.0,0.0,1.9733210273208233,3.417892278888615,0.0,14.560074654214503,0.6519652083809926,0.45122385831590156,0.4512238583159021
1350.0,1.0,0.0,0.0,1.9733210273208233,1.1392974262723508,0.0,23.69030304210843,0.8623797831483286,0.7592467262554511,0.7592467262554513,1.0,1.0,0.0,1.9733210273208233,3.417892278888615,0.0,13.928268251760224,0.6413508878388269,0.4376720205706184,0.4376720205706191
1400.0,1.0,0.0,0.0,1.9733210273208233,1.1392974262723508,0.0,23.326549815079613,0.8576737823208033,0.7515673942251633,0.7515673942251635,1.0,1.0,0.0,1.9733210273208233,3.417892278888615,0.0,13.325089896790185,0.630908536773562,0.4245255092581798,0.4245255092581803
1450.0,1.0,0.0,0.0,1.9733210273208233,1.1392974262723508,0.0,22.969357557672787,0.8529931238127684,0.7439648523390218,0.7439648523390221,1.0,1.0,0.0,1.9733210273208233,3.417892278888615,0.0,12.749196190249396,0.6206354676174607,0.4117724202924588,0.4117724202924594
1500.0,1.0,0.0,0.0,1.9733210273208233,1.1392974262723508,0.0,22.618599133437908,0.8483377065769753,0.7364384287098206,0.7364384287098207,1.0,1.0,0.0,1.9733210273208233,3.417892278888615,0.0,12.199307664719576,0.6105290206458726,0.39940116576289025,0.3994011657628906
